Authors,Title,Publication,Volume,Number,Pages,Year,Publisher,Tip,Domeniu cercetare,Unnamed: 10,Link,Highlight
"Negru, Vlad-Andrei; Suciu, Vasile; Lăpuşan, Alex-Mihai; Lemnaru, Camelia; Dînşoreanu, Mihaela; Potolea, Rodica; ",Assessing language models’ task and language transfer capabilities for sentiment analysis in dialog data,Computer Speech & Language,89.0,,101704,2025,Elsevier,C2-ISI Proceedings,INTELIGENŢĂ ARTIFICIALĂ,,https://www.sciencedirect.com/science/article/pii/S0885230824000871,
"Tolas, Ramona; Portase, Raluca; Potolea, Rodica; ",From Individual Device Usage to Household Energy Consumption Profiling,Electronics,13.0,12.0,2325,2024,MDPI,C2-ISI Proceedings,INGINERIA CUNOSTINTELOR,,https://www.mdpi.com/2079-9292/13/12/2325,
"Portase, Raluca Laura; Tolas, Ramona; Potolea, Rodica; ",From Sensors to Insights: An Original Method for Consumer Behavior Identification in Appliance Usage,Electronics,13.0,7.0,1364,2024,MDPI,C2-ISI Proceedings,INGINERIA CUNOSTINTELOR,,https://www.mdpi.com/2079-9292/13/7/1364,1.0
"Tolas, Ramona; Portase, Raluca; Potolea, Rodica; ",GeMSyD: Generic Framework for Synthetic Data Generation,Data,9.0,1.0,14,2024,MDPI,C2-ISI Proceedings,INGINERIA CUNOSTINTELOR,,https://www.mdpi.com/2306-5729/9/1/14,
"Toma, Sebastian-Antonio; Lemnaru, Camelia; Negru, Vlad Andrei; Potolea, Rodica; ","Asking the Right Questions: Exploiting Hidden Interactions in a Generative Framework for Multilingual, Multitask Classification",Proceedings of the 7th International Conference on Natural Language and Speech Processing (ICNLSP 2024),,,251-266,2024,,C2-ISI Proceedings,INTELIGENŢĂ ARTIFICIALĂ,,https://aclanthology.org/2024.icnlsp-1.28.pdf,
"Portase, Radu Marian; Portase, Raluca Laura; Colesa, Adrian; Sebestyen, Gheorghe; ",LEDA - Layered Event-Based Malware Detection Architecture,Sensors,24.0,19.0,6393,2024,MDPI,C2-ISI Proceedings,INGINERIA CUNOSTINTELOR,,https://www.mdpi.com/1424-8220/24/19/6393,
"Vacareanu, Robert; Negru, Vlad-Andrei; Suciu, Vasile; Surdeanu, Mihai; ",From Words to Numbers: Your Large Language Model Is Secretly A Capable Regressor When Given In-Context Examples,arXiv preprint arXiv:2404.07544,,,,2024,,C2-ISI Proceedings,INTELIGENŢĂ ARTIFICIALĂ,,https://arxiv.org/abs/2404.07544,
"Portase, Raluca Laura; Tolas, Ramona; Potolea, Rodica; ",SmartLaundry: A Real-Time System for Public Laundry Allocation in Smart Cities,Sensors,24.0,7.0,2159,2024,MDPI,C2-ISI Proceedings,INGINERIA CUNOSTINTELOR,,https://www.mdpi.com/1424-8220/24/7/2159,1.0
"Ardelean, Eugen-Richard; Dînșoreanu, Mihaela; ",Computational Methods for Brain Signal Analysis during Perception and Action,PhD Thesis,,,,2024,UTPRESS,A-Teza doctorat,INTELIGENŢĂ ARTIFICIALĂ,,https://biblioteca.utcluj.ro/files/carti-online-cu-coperta/718-7.pdf,
"Ardelean, Eugen-Richard; Portase, Raluca Laura; Potolea, Rodica; Dînșoreanu, Mihaela; ",A path-based distance computation for non-convexity with applications in clustering,Knowledge and Information Systems,,,Jan-39,2024,Springer London London,C1-Revista ISI,INTELIGENŢĂ ARTIFICIALĂ,,https://link.springer.com/article/10.1007/s10115-024-02275-4,1.0
"Tolas, Ramona; Portase, Raluca; Potolea, Rodica; ",Advancements in Household Data Mining: Fine-Tuning of Usage Pattern Inference Pipeline.,IoTBDS,,,53-61,2024,,C2-ISI Proceedings,INGINERIA CUNOSTINTELOR,,https://www.scitepress.org/Link.aspx?doi=10.5220/0012598000003705,
"Negru, Vlad-Andrei; Vacareanu, Robert; Lemnaru, Camelia; Surdeanu, Mihai; Potolea, Rodica; ",From Text to Taste: Advancing Smart Appliances with Multilingual Recipe Interpretation,2024 IEEE 40th International Conference on Data Engineering Workshops (ICDEW),,,13-20,2024,IEEE,C2-ISI Proceedings,INTELIGENŢĂ ARTIFICIALĂ,,https://ieeexplore.ieee.org/document/10555101,1.0
"Tolas, Ramona; Portase, Raluca; Dinsoreanu, Mihaela; Potolea, Rodica",Mining User Behavior: Inference of Time-boxed Usage Patterns from Household Generated Data,eKNOW 2023,,,,2023,IEEE,C2-ISI Proceedings,INGINERIA CUNOSTINTELOR,,,
"Negru, Vlad-Andrei; Lemnaru, Camelia; Potolea, Rodica; ","Multitask, Cross-Lingual Recipe Classification Using Joint Fine-Tuning Mechanisms",International Conference on Information Integration and Web Intelligence,,,547-552,2023,Springer,C2-ISI Proceedings,INTELIGENŢĂ ARTIFICIALĂ,,https://link.springer.com/chapter/10.1007/978-3-031-48316-5_48,1.0
"Macicasan, F.; Frasie, A.;Vezan, N.T.; Lemnaru, C.; Potolea, R.;",Evolving a Pipeline Approach for Abstract Meaning Representation Parsing Towards Dynamic Neural Networks,,,,,2023,International Journal of Neural Systems,C1-Revista ISI,INGINERIA CUNOSTINTELOR,,https://www.worldscientific.com/doi/10.1142/S0129065723500405?rfr_dat=cr_pub++0pubmed&rfr_id=ori%3Arid%3Acrossref.org&url_ver=Z39.88-2003,
"Portase, Raluca; Tolas, Ramona; Lemnaru, Camelia; Potolea, Rodica; ",Prediction Pipeline on Time Series Data Applied for Usage Prediction on Household Devices,"eKNOW 2023 : The Fifteenth International Conference on Information, Process, and Knowledge Management",,,44-49,2023,,C2-ISI Proceedings,INGINERIA CUNOSTINTELOR,,https://personales.upv.es/thinkmind/dl/conferences/eknow/eknow_2023/eknow_2023_2_50_60023.pdf,
"Ardelean, Adriana-Ioana; Ardelean, Eugen-Richard; Moca, Vasile Vlad; Mureşan, Raul Cristian; Dînşoreanu, Mihaela; ",Burst detection in neuronal activity,2023 IEEE 19th International Conference on Intelligent Computer Communication and Processing (ICCP),,,349-356,2023,IEEE,C2-ISI Proceedings,INTELIGENŢĂ ARTIFICIALĂ,,https://ieeexplore.ieee.org/document/10398703,
"Ardelean, Eugen-Richard; Coporîie, Andreea; Ichim, Ana-Maria; Dînșoreanu, Mihaela; Mureșan, Raul Cristian; ",A study of autoencoders as a feature extraction technique for spike sorting,Plos one,18.0,3.0,e0282810,2023,"Public Library of Science San Francisco, CA USA",C1-Revista ISI,INTELIGENŢĂ ARTIFICIALĂ,,https://journals.plos.org/plosone/article?id=10.1371/journal.pone.0282810,1.0
"Rus, Iulia-Maria; Portase, Raluca; Tolas, Ramona; Lemnaru, Camelia; Dinsoreanu, Mihaela; Potolea, Rodica; ",Extracting Appliance Behavior from Heterogeneous Data,2023 IEEE 19th International Conference on Intelligent Computer Communication and Processing (ICCP),,,87-92,2023,IEEE,C2-ISI Proceedings,INGINERIA CUNOSTINTELOR,,https://ieeexplore.ieee.org/document/10398620,
"Ardelean, Eugen-Richard; Bârzan, Harald; Ichim, Ana-Maria; Mureşan, Raul Cristian; Moca, Vasile Vlad; ",Sharp detection of oscillation packets in rich time-frequency representations of neural signals,Frontiers in Human Neuroscience,17.0,,1112415,2023,Frontiers Media SA,C1-Revista ISI,INTELIGENŢĂ ARTIFICIALĂ,,https://www.frontiersin.org/journals/human-neuroscience/articles/10.3389/fnhum.2023.1112415/full,
"Ardelean, Eugen-Richard; Grosu, George Florin; Terebeş, Romulus; Dînşoreanu, Mihaela; ",Exploiting the Self-Organizing Map for Spike Sorting,2023 IEEE 19th International Conference on Intelligent Computer Communication and Processing (ICCP),,,363-369,2023,IEEE,C2-ISI Proceedings,INTELIGENŢĂ ARTIFICIALĂ,,https://ieeexplore.ieee.org/document/10398692,
"Ardelean, Eugen-Richard; Terec, Răzvan-Dan; Marieş, Codruţa-Maria; Moca, Vasile Vlad; Mureşan, Raul Cristian; Dînşoreanu, Mihaela; ",Spike sorting using Superlets: Identifying feature importance through perturbation,2023 IEEE 19th International Conference on Intelligent Computer Communication and Processing (ICCP),,,357-362,2023,IEEE,C2-ISI Proceedings,INTELIGENŢĂ ARTIFICIALĂ,,https://ieeexplore.ieee.org/document/10398655,
"Moisa, Oana Miruna; Pop, Ileana; Ardelean, Eugen-Richard; Moca, Vasile Vlad; Mureşan, Raul Cristian; Dînşoreanu, Mihaela; ",Symbolic Analysis Based Pipeline for EEG Data,2023 IEEE 19th International Conference on Intelligent Computer Communication and Processing (ICCP),,,371-378,2023,IEEE,C2-ISI Proceedings,INTELIGENŢĂ ARTIFICIALĂ,,https://ieeexplore.ieee.org/document/10398607,
"Tolas, Ramona; Portase, Raluca; Lemnaru, Camelia; Dinsoreanu, Mihaela; Potolea, Rodica; ",Unsupervised Clustering and Explainable AI for Unveiling Behavioral Variations Across Time in Home-Appliance Generated Data,International Conference on Information Integration and Web Intelligence,,,147-161,2023,Springer Nature Switzerland Cham,C2-ISI Proceedings,INGINERIA CUNOSTINTELOR,,https://link.springer.com/chapter/10.1007/978-3-031-48316-5_17,
Ioan Stan; Rodica Potolea ,Urban Congestion Avoidance Methodology based on Vehicular Traffic Thresholding,,,,,2023,"Aplied Sciences, Jurnal ",C1-Revista ISI,INGINERIA CUNOSTINTELOR,,https://www.mdpi.com/2076-3417/13/4/2143,
"Ardelean, Eugen-Richard; Ichim, Ana-Maria; Dînşoreanu, Mihaela; Mureşan, Raul Cristian; ",Improved space breakdown method–A robust clustering technique for spike sorting,Frontiers in Computational Neuroscience,17.0,,1019637,2023,Frontiers Media SA,C1-Revista ISI,INTELIGENŢĂ ARTIFICIALĂ,,https://www.frontiersin.org/journals/computational-neuroscience/articles/10.3389/fncom.2023.1019637/full,1.0
"Radu, Cosmina; Staicu, Carla-Elena; Mitrică, Livia-Maria; Dînşoreanu, Mihaela; Potolea, Rodica; Lemnaru, Camelia; ",Extracting Settings from Multilingual Recipes with Various Sequence Tagging Models: an Experimental Study,2022 IEEE 18th International Conference on Intelligent Computer Communication and Processing (ICCP),,,65-72,2022,IEEE,C2-ISI Proceedings,INGINERIA CUNOSTINTELOR,,https://ieeexplore.ieee.org/abstract/document/10053968,
"Rad, Andrei-Cristian; Lemnaru, Camelia; Munteanu, Adrian; ",A Comparative Analysis between Efficient Attention Mechanisms for Traffic Forecasting without Structural Priors,Sensors,22.0,19.0,7457,2022,MDPI,C1-Revista ISI,INGINERIA CUNOSTINTELOR,,https://www.mdpi.com/1424-8220/22/19/7457,
"Lăpuşan, Alex-Mihai; Horge, Rareş-Liviu; Petres, Sara; Dînşoreanu, Mihaela; Potolea, Rodica; Lemnaru, Camelia; ",Instructions Are All You Need: Cooking Parameters Classification for Monolingual Recipes,2022 IEEE 18th International Conference on Intelligent Computer Communication and Processing (ICCP),,,73-80,2022,IEEE,C2-ISI Proceedings,INGINERIA CUNOSTINTELOR,,https://ieeexplore.ieee.org/abstract/document/10053948,
"Firte, Catalin; Iamnitchi, Loredana; Portase, Raluca; Tolas, Ramona; Potolea, Rodica;",Knowledge inference from home appliances data,2022 IEEE 18th International Conference on Intelligent Computer Communication and Processing (ICCP),,,,2022,IEEE,C2-ISI Proceedings,INGINERIA CUNOSTINTELOR,,https://ieeexplore.ieee.org/document/10053977,
"Sălăgean, Andreea; Pașc, Andreea-Mădălina; Ardelean, Eugen Richard; Mureșan, Raul C; Moca, Vasile V; Dînșoreanu, Mihaela; Potolea, Rodica; Lemnaru, Camelia; ",Local Field Potential Microstate Analysis,2022 IEEE 18th International Conference on Intelligent Computer Communication and Processing (ICCP),,,221-227,2022,IEEE,C2-ISI Proceedings,INTELIGENŢĂ ARTIFICIALĂ,,https://ieeexplore.ieee.org/document/10053960,
"Frasie, Alexandru; Vezan, Nicoleta-Teodora; Marian, Georgiana; Macicasan, Florin; Lemnaru, Camelia; ",Enhancements on a Pipeline Approach for Abstract Meaning Representation Parsing,"Engineering Applications of Neural Networks: 23rd International Conference, EAAAI/EANN 2022, Chersonissos, Crete, Greece, June 17–20, 2022, Proceedings",,,505-516,2022,Springer International Publishing Cham,C3-BDI,INGINERIA CUNOSTINTELOR,,https://link.springer.com/chapter/10.1007/978-3-031-08223-8_41,
"Olariu, Eliza Maria; Portase, Raluca; Tolas, Ramona; Potolea, Rodica;",Predictive Maintenance-Exploring strategies for Remaining Useful Life (RUL) prediction,2022 IEEE 18th International Conference on Intelligent Computer Communication and Processing (ICCP),,,,2022,IEEE,C2-ISI Proceedings,INGINERIA CUNOSTINTELOR,,https://ieeexplore.ieee.org/document/10053988,
"Mureșan, Denisa Bianca; Ciure, Raluca-Dana; Ardelean, Eugen Richard; Moca, Vasile Vlad; Mureșan, Raul Cristian; Dînș, Mihaela; ",Spike sorting using Superlets: Evaluation of a novel feature space for the discrimination of neuronal spikes,2022 IEEE 18th International Conference on Intelligent Computer Communication and Processing (ICCP),,,229-235,2022,IEEE,C2-ISI Proceedings,INTELIGENŢĂ ARTIFICIALĂ,,https://ieeexplore.ieee.org/document/10053955,
"Stoica, Anda; Kadar, Tibor; Lemnaru, Camelia; Potolea, Rodica; Dînşoreanu, Mihaela; ",Intent detection and slot filling with capsule net architectures for a romanian home assistant,Sensors,21.0,4.0,1230,2021,MDPI,C1-Revista ISI,INGINERIA CUNOSTINTELOR,,https://www.mdpi.com/1424-8220/21/4/1230,
"Tolas, Ramona; Portase, Raluca; Iosif, Andrei; Potolea, Rodica;",Periodicity detection algorithm and applications on IoT data,2021 20th International Symposium on Parallel and Distributed Computing (ISPDC),,,81-88,2021,IEEE,C2-ISI Proceedings,INGINERIA CUNOSTINTELOR,,https://ieeexplore.ieee.org/document/9521605,
"Tolas, Ramona; Portase, Raluca; Iosif, Andrei; Potolea, Rodica; ",Periodicity detection algorithm and applications on iot data,2021 20th International Symposium on Parallel and Distributed Computing (ISPDC),,,81-88,2021,IEEE,C2-ISI Proceedings,INTELIGENŢĂ ARTIFICIALĂ,,https://ieeexplore.ieee.org/abstract/document/9521605,
"Stan, Ioan; Suciu, Vasile; Potolea, Rodica; ",Scalable data model for traffic congestion avoidance in a vehicle to cloud infrastructure,Sensors,21.0,15.0,5074,2021,MDPI,C1-Revista ISI,INGINERIA CUNOSTINTELOR,,,
"Rad, Andrei-Cristian; Muntean, Ioan-Horia-Mihai; Stoica, Anda-Diana; Lemnaru, Camelia; Potolea, Rodica; Dînșoreanu, Mihaela; ",Semantically Enriching Embeddings of Highly Inflectable Verbs for Improving Intent Detection in a Romanian Home Assistant Scenario,"Advances in Intelligent Data Analysis XIX: 19th International Symposium on Intelligent Data Analysis, IDA 2021, Porto, Portugal, April 26–28, 2021, Proceedings 19",,,251-262,2021,Springer International Publishing,C2-ISI Proceedings,INGINERIA CUNOSTINTELOR,,https://link.springer.com/chapter/10.1007/978-3-030-74251-5_20,
"Portase, Raluca; Tolas, Ramona; Potolea, Rodica",MEDIS: Analysis Methodology for Data with Multiple Complexities,2021 13th International Conference on Knowledge Discovery and Information Retrieval - KADIR,,,191-198,2021,SciTePress,C3-BDI,INGINERIA CUNOSTINTELOR,,https://www.scitepress.org/Papers/2021/106551/106551.pdf,
"Aldea, Roxana Ioana; Dinsoreanu, Mihaela; Potolea, Rodica; Lemnaru, Camelia; Muresan, Raul Cristian; Moca, Vasile Vlad; ",Weighted Principal Component Analysis based on statistical properties of features for Spike Sorting,2021 IEEE 17th International Conference on Intelligent Computer Communication and Processing (ICCP),,,455-460,2021,IEEE,C3-BDI,INGINERIA CUNOSTINTELOR,,https://ieeexplore.ieee.org/abstract/document/9733683,
"Dodon, Alexandru; Calugar, Marius Adrian; Potolea, Rodica; Lemnaru, Camelia; Dînşoreanu, Mihaela; Moca, Vasile V; Mureşan, Raul C; ",A Generative Adversarial Approach for the Detection of Typical and Drowned Action Potentials,2021 IEEE 17th International Conference on Intelligent Computer Communication and Processing (ICCP),,,477-481,2021,IEEE,C3-BDI,INGINERIA CUNOSTINTELOR,,https://ieeexplore.ieee.org/abstract/document/9733643,
"Stan, Ioan; Ungur, Bogdan-Paul; Potolea, Rodica; ",Augmented Van Emde Boas Tree for Connected Vehicles Traffic Modeling,2021 IEEE 17th International Conference on Intelligent Computer Communication and Processing (ICCP),,,199-208,2021,IEEE,C2-ISI Proceedings,INGINERIA CUNOSTINTELOR,,https://ieeexplore.ieee.org/abstract/document/9733462,
"Portase, Raluca; Ucar, Bora;",Matrix symmetrization and sparse direct solvers,2020 Proceedings of the SIAM Workshop on Combinatorial Scientific Computing,,,128-137,2020,SIAM,C3-BDI,INGINERIA CUNOSTINTELOR,,https://www.researchgate.net/publication/339638251_Matrix_symmetrization_and_sparse_direct_solvers,
"Stoica, Anda Diana; Rad, Andrei-Cristian; Muntean, Ioan Horia; Daian, George; Lemnaru, Camelia; Potolea, Rodica; Dinsoreanu, Mihaela; ",The impact of Romanian diacritics on intent detection and slot filling,"2020 IEEE International Conference on Automation, Quality and Testing, Robotics (AQTR)",,,01-Jun,2020,IEEE,C2-ISI Proceedings,INGINERIA CUNOSTINTELOR,,https://ieeexplore.ieee.org/abstract/document/9266139,
"Cristian, Lungu; Potolea, Rodica; ",Optimising the pool test method for COVID-19 using evolutionary algorithms,2020 IEEE 16th International Conference on Intelligent Computer Communication and Processing (ICCP),,,123-127,2020,IEEE,C2-ISI Proceedings,INGINERIA CUNOSTINTELOR,,https://ieeexplore.ieee.org/abstract/document/9266155,
"Dan, Emanuela L; Dînşoreanu, Mihaela; Mureşan, Raul C; ",Accuracy of six interpolation methods applied on pupil diameter data,"2020 IEEE international conference on automation, quality and testing, robotics (AQTR)",,,01.May,2020,IEEE,C2-ISI Proceedings,INGINERIA CUNOSTINTELOR,,https://ieeexplore.ieee.org/abstract/document/9129915,
"Mihalca, Andrei; Oprişa, Ciprian; Potolea, Rodica; ",Hunting for malware code in massive collections,"2020 IEEE International Conference on Automation, Quality and Testing, Robotics (AQTR)",,,01-Jun,2020,IEEE,C2-ISI Proceedings,INGINERIA CUNOSTINTELOR,,,
"Pop, Roxana; Macicasan, Florin; Lemnaru, Camelia; ",A two stage approach for AMR parsing using the concept inference order,2020 IEEE 16th International Conference on Intelligent Computer Communication and Processing (ICCP),,,91-98,2020,IEEE,C2-ISI Proceedings,INGINERIA CUNOSTINTELOR,,https://ieeexplore.ieee.org/abstract/document/9266209,
"Chira, Codrin-Mihai; Portase, Raluca; Tolas, Ramona; Lemnaru, Camelia; Potolea, Rodica; ",A system for managing and processing industrial sensor data: SMS,2020 IEEE 16th International Conference on Intelligent Computer Communication and Processing (ICCP),,,213-220,2020,IEEE,C2-ISI Proceedings,INGINERIA CUNOSTINTELOR,,https://ieeexplore.ieee.org/abstract/document/9266263,
"Batiz, Orsolya Bernadett; Helmer, Robert Paul; Pop, Roxana; Macicasan, Florin; Lemnaru, Camelia; ",Concept identification with sequence-to-sequence models in abstract meaning representation parsing,2020 IEEE 16th International Conference on Intelligent Computer Communication and Processing (ICCP),,,83-90,2020,IEEE,C2-ISI Proceedings,INGINERIA CUNOSTINTELOR,,https://ieeexplore.ieee.org/abstract/document/9266136,
"Crişan, Andrei; Florea, Gabriel; Halasz, Lorand; Lemnaru, Camelia; Oprisa, Ciprian; ",Detecting malicious URLs based on machine learning algorithms and word embeddings,2020 IEEE 16th International Conference on Intelligent Computer Communication and Processing (ICCP),,,187-193,2020,IEEE,C2-ISI Proceedings,INGINERIA CUNOSTINTELOR,,https://ieeexplore.ieee.org/abstract/document/9266139,
"Olariu, Eliza Maria; Tolas, Ramona; Portase, Raluca; Dinsoreanu, Mihaela; Potolea, Rodica;",Modern approaches to preprocessing industrial data,2020 IEEE 16th International Conference on Intelligent Computer Communication and Processing (ICCP),,,221-226,2020,IEEE,C2-ISI Proceedings,INGINERIA CUNOSTINTELOR,,https://ieeexplore.ieee.org/document/9266215,
"Chira, Codrin-Mihai; Portase, Raluca; Tolas, Ramona; Lemnaru, Camelia; Potolea, Rodica;",A System for Managing and Processing Industrial Sensor Data: SMS,2020 IEEE 16th International Conference on Intelligent Computer Communication and Processing (ICCP),,,213-220,2020,IEEE,C2-ISI Proceedings,INGINERIA CUNOSTINTELOR,,https://ieeexplore.ieee.org/document/9266263,
"Vasiu, Mihaela Alexandra; Potolea, Rodica; ",Enhancing tokenization by embedding romanian language specific morphology,2020 IEEE 16th International Conference on Intelligent Computer Communication and Processing (ICCP),,,243-250,2020,IEEE,C2-ISI Proceedings,INGINERIA CUNOSTINTELOR,,https://ieeexplore.ieee.org/abstract/document/9266140,
"Petruţiu, Vlad Mihai; Palcu, Liana Daniela; Lemnaru, Camelia; Dînşoreanu, Mihaela; Potolea, Rodica; Murseşan, Raul; Moca, Vlad Vasile; ",Enhancing the classification of EEG signals using Wasserstein generative adversarial networks,2020 IEEE 16th International Conference on Intelligent Computer Communication and Processing (ICCP),,,29-34,2020,IEEE,C3-BDI,INGINERIA CUNOSTINTELOR,,https://ieeexplore.ieee.org/abstract/document/9266157,
"Stan, Ioan; Ghisa, Raul; Potolea, Rodica; ",Urban traffic simulation methodology for connected vehicles congestion avoidance,Proceedings of the 22nd International Conference on Information Integration and Web-based Applications & Services,,,305-312,2020,,C3-BDI,INGINERIA CUNOSTINTELOR,,https://dl.acm.org/doi/abs/10.1145/3428757.3429102,
"Palcu, Liana-Daniela; Supuran, Marius; Lemnaru, Camelia; Dinsoreanu, Mihaela; Potolea, Rodica; Muresan, Raul Cristian; ",Discovering discriminative nodes for classification with deep graph convolutional methods,"New Frontiers in Mining Complex Patterns: 8th International Workshop, NFMCP 2019, Held in Conjunction with ECML-PKDD 2019, Würzburg, Germany, September 16, 2019, Revised Selected Papers 8",,,67-82,2020,Springer International Publishing,C2-ISI Proceedings,INGINERIA CUNOSTINTELOR,,https://link.springer.com/chapter/10.1007/978-3-030-48861-1_5,
"Dinsoreanu, Mihaela; Potolea, Rodica; Muresan, Raul Cristian; ",Discovering Discriminative Nodes for Classification with Deep Graph Convolutional Methods,"New Frontiers in Mining Complex Patterns: 8th International Workshop, NFMCP 2019, Held in Conjunction with ECML-PKDD 2019, Würzburg, Germany, September 16, 2019, Revised Selected Papers",11948.0,,67,2020,Springer Nature,,INGINERIA CUNOSTINTELOR,,https://link.springer.com/chapter/10.1007/978-3-030-48861-1_5,
"Onofrei, Ioana; Sălăgean, Andreea; Sîrca, Narcisa; Moca, Vasile V; Nagy-Dăbâcan, Adriana; Muresan, Raul C; Potolea, Rodica; Dinşoreanu, Mihaela; Lemnaru, Camelia; ",Using Symbolic Analysis of Local Field Potentials for Anesthesia Depth Prediction,2020 IEEE 16th International Conference on Intelligent Computer Communication and Processing (ICCP),,,21-28,2020,IEEE,C2-ISI Proceedings,INGINERIA CUNOSTINTELOR,,https://ieeexplore.ieee.org/abstract/document/9266151,
"Stoica, Anda; Kadar, Tibor; Lemnaru, Camelia; Potolea, Rodica; Dînşoreanu, Mihaela; ",The impact of data challenges on intent detection and slot filling for the home assistant scenario,2019 IEEE 15th International Conference on Intelligent Computer Communication and Processing (ICCP),,,41-47,2019,IEEE,C2-ISI Proceedings,INGINERIA CUNOSTINTELOR,,https://ieeexplore.ieee.org/abstract/document/8959642,
"Ardelean, Eugen-Richard; Stanciu, Alexander; Dinsoreanu, Mihaela; Potolea, Rodica; Lemnaru, Camelia; Moca, Vasile Vlad; ",Space Breakdown Method A new approach for density-based clustering,2019 IEEE 15th International Conference on Intelligent Computer Communication and Processing (ICCP),,,419-425,2019,IEEE,C2-ISI Proceedings,INTELIGENŢĂ ARTIFICIALĂ,,https://ieeexplore.ieee.org/document/8959795,
"Stan, Ioan; Suciu, Vasile; Potolea, Rodica; ",Smart driving methodology for connected cars,"2019 23rd International Conference on System Theory, Control and Computing (ICSTCC)",,,608-613,2019,IEEE,C2-ISI Proceedings,INGINERIA CUNOSTINTELOR,,https://ieeexplore.ieee.org/abstract/document/8885450,
"Potolea, Rodica; Lemnaru, Camelia; ",Understanding and Addressing Change in Computer Science Education,2019 22nd International Conference on Control Systems and Computer Science (CSCS),,,395-397,2019,IEEE,C2-ISI Proceedings,INGINERIA CUNOSTINTELOR,,https://ieeexplore.ieee.org/abstract/document/8745301,
"Albert, Erika-Timea; Lemnaru, Camelia; Dinsoreanu, Mihaela; Potolea, Rodica; ",Keyword spotting using dynamic time warping and convolutional recurrent networks,2019 IEEE 15th International Conference on Intelligent Computer Communication and Processing (ICCP),,,53-60,2019,IEEE,C2-ISI Proceedings,INGINERIA CUNOSTINTELOR,,https://ieeexplore.ieee.org/abstract/document/8959645,
"Stan, Ioan; Suciu, Vasile; Potolea, Rodica; ",Routing Algorithms in Connected Cars Context.,KEOD,,,290-297,2019,,C3-BDI,INGINERIA CUNOSTINTELOR,,https://www.scitepress.org/Papers/2019/81673/81673.pdf,
"Cristea, Lucian; Potolea, Rodica; ",A Robust Vehicle Trajectory Prediction System Deep learning based approach with a novel fusion technique,2019 IEEE 15th International Conference on Intelligent Computer Communication and Processing (ICCP),,,411-418,2019,IEEE,C2-ISI Proceedings,INGINERIA CUNOSTINTELOR,,https://ieeexplore.ieee.org/abstract/document/8959802,
"Palcu, Liana-Daniela; Supuran, Marius; Lemnaru, Camelia; Dinsoreanu, Mihaela; Potolea, Rodica; Muresan, Raul Cristian; ",Breaking the interpretability barrier-a method for interpreting deep graph convolutional models,International Workshop NFMCP in conjunction with ECML-PKDD,,,,2019,,C2-ISI Proceedings,INGINERIA CUNOSTINTELOR,,https://scholar.google.ro/citations?view_op=view_citation&hl=en&user=GGOS0SAAAAAJ&cstart=20&pagesize=80&sortby=pubdate&citation_for_view=GGOS0SAAAAAJ:8AbLer7MMksC,
"Bucur, Beniamin; Şomfelean, Iulia; Ghiuruţan, Alexandru; Lemnaru, Camelia; Dînşoreanu, Mihaela; ",An early fusion approach for multimodal emotion recognition using deep recurrent networks,2018 IEEE 14th International Conference on Intelligent Computer Communication and Processing (ICCP),,,71-78,2018,IEEE,C2-ISI Proceedings,INGINERIA CUNOSTINTELOR,,https://ieeexplore.ieee.org/abstract/document/8516437,
"Borsos, Zalán; Lemnaru, Camelia; Potolea, Rodica; ",Dealing with overlap and imbalance: a new metric and approach,Pattern Analysis and Applications,21.0,,381-395,2018,Springer London,C1-Revista ISI,INTELIGENŢĂ ARTIFICIALĂ,,https://link.springer.com/article/10.1007/s10044-016-0583-6,
"Dolean, Samuel; Dînşoreanu, Mihaela; Mureşan, Raul Cristian; Geiszt, Attila; Potolea, Rodica; Ţincaş, Ioana; ",A scaled-correlation based approach for defining and analyzing functional networks,"New Frontiers in Mining Complex Patterns: 6th International Workshop, NFMCP 2017, Held in Conjunction with ECML-PKDD 2017, Skopje, Macedonia, September 18-22, 2017, Revised Selected Papers 6",,,80-92,2018,Springer International Publishing,B2-Capitol de carte,INGINERIA CUNOSTINTELOR,,https://link.springer.com/chapter/10.1007/978-3-319-78680-3_6,
"Stan, Ioan; Toderici, Dan; Potolea, Rodica; ",Segment trees based traffic congestion avoidance in connected cars context,2018 IEEE 14th International Conference on Intelligent Computer Communication and Processing (ICCP),,,137-143,2018,IEEE,C2-ISI Proceedings,INGINERIA CUNOSTINTELOR,,https://ieeexplore.ieee.org/abstract/document/8516609,
"Hasna, Octavian Lucian; Potolea, Rodica; ",Analysing a periodical and multi-dimensional time series,"Mining Intelligence and Knowledge Exploration: 6th International Conference, MIKE 2018, Cluj-Napoca, Romania, December 20–22, 2018, Proceedings 6",,,268-278,2018,Springer International Publishing,C2-ISI Proceedings,INGINERIA CUNOSTINTELOR,,,
"Lungu, Cristian; Potolea, Rodica; ",Super-Resolution Generator Networks: A comparative study,2018 IEEE 14th International Conference on Intelligent Computer Communication and Processing (ICCP),,,333-337,2018,IEEE,C2-ISI Proceedings,INGINERIA CUNOSTINTELOR,,https://ieeexplore.ieee.org/abstract/document/8516603,
"Timbuş, Călin; Miclea, Vlad; Lemnaru, Camelia; ",Semantic segmentation-based traffic sign detection and recognition using deep learning techniques,2018 IEEE 14th International Conference on Intelligent Computer Communication and Processing (ICCP),,,325-331,2018,IEEE,C2-ISI Proceedings,PROCESAREA IMAGINILOR şi RECUNOASTEREA FORMELOR,,https://ieeexplore.ieee.org/abstract/document/8516600,
"Morosanu, Bogdan-Andrei; Lemnaru, Camelia; ",From image captioning to video summary using deep recurrent networks and unsupervised segmentation,Tenth International Conference on Machine Vision (ICMV 2017),10696.0,,171-178,2018,SPIE,C2-ISI Proceedings,PROCESAREA IMAGINILOR şi RECUNOASTEREA FORMELOR,,https://www.spiedigitallibrary.org/conference-proceedings-of-spie/10696/106960P/From-image-captioning-to-video-summary-using-deep-recurrent-networks/10.1117/12.2310071.short,
"Dînşoreanu, Mihaela; Lemnaru, Camelia; ",Complex Localization in the Multiple Instance Learning Context,"New Frontiers in Mining Complex Patterns: 6th International Workshop, NFMCP 2017, Held in Conjunction with ECML-PKDD 2017, Skopje, Macedonia, September 18-22, 2017, Revised Selected Papers",10785.0,,93,2018,Springer,B2-Capitol de carte,INGINERIA CUNOSTINTELOR,,https://link.springer.com/chapter/10.1007/978-3-319-78680-3_7,
"Vasiu, Mihaela Alexandra; Marghescu, Luminița Mădălina; Bărbănțan, Ioana; Potolea, Rodica; ",Cross Documents Concept Augmentation,2018 IEEE 14th International Conference on Intelligent Computer Communication and Processing (ICCP),,,29-36,2018,IEEE,C2-ISI Proceedings,INGINERIA CUNOSTINTELOR,,https://ieeexplore.ieee.org/abstract/document/8516582,
"Pop, Roxana; Dregan, Anda; Măcicăşan, Florin; Lemnaru, Camelia; Potolea, Rodica; ",Enhancements on a transition-based approach for amr parsing using lstm networks,2018 IEEE 14th International Conference on Intelligent Computer Communication and Processing (ICCP),,,55-62,2018,IEEE,C2-ISI Proceedings,INGINERIA CUNOSTINTELOR,,https://ieeexplore.ieee.org/abstract/document/8516606,
"Stan, Ioan; Potolea, Rodica; ",Connected cars traffic flow balancing based on classification and calibration,"Mining Intelligence and Knowledge Exploration: 6th International Conference, MIKE 2018, Cluj-Napoca, Romania, December 20–22, 2018, Proceedings 6",,,177-188,2018,Springer International Publishing,C2-ISI Proceedings,INGINERIA CUNOSTINTELOR,,https://link.springer.com/chapter/10.1007/978-3-030-05918-7_16,
"Graur, Dan-Ovidiu; Mariş, Răzvan-Alexandru; Potolea, Rodica; Dînşoreanu, Mihaela; Lemnaru, Camelia; ",Complex localization in the multiple instance learning context,"New Frontiers in Mining Complex Patterns: 6th International Workshop, NFMCP 2017, Held in Conjunction with ECML-PKDD 2017, Skopje, Macedonia, September 18-22, 2017, Revised Selected Papers 6",,,93-106,2018,Springer International Publishing,C2-ISI Proceedings,INGINERIA CUNOSTINTELOR,,https://link.springer.com/chapter/10.1007/978-3-319-78680-3_7,
"Socaci, Ioana Angela; Lemnaru, Camelia; ",A Comparative Study of Methods Used in the Analysis and Prediction of Financial Data,"Mining Intelligence and Knowledge Exploration: 6th International Conference, MIKE 2018, Cluj-Napoca, Romania, December 20–22, 2018, Proceedings 6",,,309-320,2018,Springer International Publishing,C2-ISI Proceedings,INGINERIA CUNOSTINTELOR,,https://link.springer.com/chapter/10.1007/978-3-030-05918-7_28,
"Hasna, Octavian Lucian; Potolea, Rodica; ",Robust feature extraction from noisy ECG for atrial fibrillation detection,2017 Computing in Cardiology (CinC),,,01-Apr,2017,IEEE,C2-ISI Proceedings,INGINERIA CUNOSTINTELOR,,https://ieeexplore.ieee.org/abstract/document/8331573,
"Lemnaru, Camelia; Potolea, Rodica; ",Evolutionary cost-sensitive balancing: A generic method for imbalanced classification problems,"EVOLVE-A Bridge between Probability, Set Oriented Numerics, and Evolutionary Computation VI",,,194-209,2017,Springer International Publishing Cham,C2-ISI Proceedings,INTELIGENŢĂ ARTIFICIALĂ,,https://link.springer.com/chapter/10.1007/978-3-319-69710-9_14,
"Hasna, Octavian Lucian; Potolea, Rodica; ",Time series—A taxonomy based survey,2017 13th IEEE International Conference on Intelligent Computer Communication and Processing (ICCP),,,231-238,2017,IEEE,C2-ISI Proceedings,INGINERIA CUNOSTINTELOR,,https://ieeexplore.ieee.org/abstract/document/8117009,
"Cimpian, Silviana; Lazar, Andreea; Macicasan, Florin; Lemnaru, Camelia; ",A transition-based approach for amr parsing using lstm networks,2017 13th IEEE International Conference on Intelligent Computer Communication and Processing (ICCP),,,103-110,2017,IEEE,C2-ISI Proceedings,INGINERIA CUNOSTINTELOR,,https://ieeexplore.ieee.org/abstract/document/8116990,
"Dolean, S.; Dînşoreanu, M.; Mureşan, R.C.; Geiszt, A.; Potolea, R.; Ţincaş, I.",A Scaled-Correlation Based Approach for Defining and Analyzing Functional Networks,"In Appice A., Loglisci C., Manco G., Masciari E., Ras Z. (eds) New Frontiers in Mining Complex Patterns. NFMCP 2017. Lecture Notes in Computer Science",10785.0,,80-92,2017,Springer,B2-Capitol de carte,INGINERIA CUNOSTINTELOR,,,
"Rus, Iacob D; Marc, Paul; Dinsoreanu, Mihaela; Potolea, Rodica; Muresan, Raul Cristian; ",Classification of EEG signals in an object recognition task,2017 13th IEEE International Conference on Intelligent Computer Communication and Processing (ICCP),,,391-395,2017,IEEE,C2-ISI Proceedings,INGINERIA CUNOSTINTELOR,,https://ieeexplore.ieee.org/abstract/document/8117036,
"Nedelcu, Elena; Portase, Raluca; Tolas, Ramona; Muresan, Raul; Dinsoreanu, Mihaela; Potolea, Rodica;",Artifact detection in EEG using machine learning,2017 13th IEEE International Conference on Intelligent Computer Communication and Processing (ICCP),,,77-83,2017,IEEE,C2-ISI Proceedings,INGINERIA CUNOSTINTELOR,,https://ieeexplore.ieee.org/document/8116986,
"Parau, P; Lemnaru, C; Dinsoreanu, M; Potolea, R; ",Opinion leader detection,Sentiment analysis in social networks,,,157-170,2017,Morgan Kaufmann,B2-Capitol de carte,INGINERIA CUNOSTINTELOR,,https://www.sciencedirect.com/science/article/abs/pii/B9780128044124000103,
"Vlad Vasile, Itu; Potolea, Rodica; Dinsoreanu, Mihaela; ",Unsupervised Classification of Opinions,"Proceedings of the International Joint Conference on Knowledge Discovery, Knowledge Engineering and Knowledge Management",,,360-366,2016,,C3-BDI,INGINERIA CUNOSTINTELOR,,https://dl.acm.org/doi/abs/10.5220/0006069903600366,
"Budai, Kinga; Dînşoreanu, Mihaela; Bărbănţan, Ioana; Potolea, Rodica; ",Learning relations using semantic-based vector similarity,2016 IEEE 12th International Conference on Intelligent Computer Communication and Processing (ICCP),,,69-75,2016,IEEE,C2-ISI Proceedings,INGINERIA CUNOSTINTELOR,,https://ieeexplore.ieee.org/abstract/document/7737125,
"Indre, Ionut; Lemnaru, Camelia; ",Detection and prevention system against cyber attacks and botnet malware for information systems and Internet of Things,2016 IEEE 12th International Conference on Intelligent Computer Communication and Processing (ICCP),,,175-182,2016,IEEE,C2-ISI Proceedings,INGINERIA CUNOSTINTELOR,,https://ieeexplore.ieee.org/abstract/document/7737142,
"Bona, Adrian; Lemnaru, Camelia; Potolea, Rodica; ",Syllabification with Frequent Sequence Patterns,"Proceedings of the International Joint Conference on Knowledge Discovery, Knowledge Engineering and Knowledge Management",,,352-359,2016,,C2-ISI Proceedings,INGINERIA CUNOSTINTELOR,,https://www.scitepress.org/Papers/2016/60697/,
"Barbantan, Ioana; Porumb, Mihaela; Lemnaru, Camelia; Potolea, Rodica; ",Feature Engineered Relation Extraction–Medical Documents Setting,International Journal of Web Information Systems,,,,2016,Emerald Group Publishing Limited,,INGINERIA CUNOSTINTELOR,,https://www.emerald.com/insight/content/doi/10.1108/ijwis-03-2016-0015/full/html,
"Chirila, Stefana; Lemnaru, Camelia; Dinsoreanu, Mihaela; ",Semantic-based IoT device discovery and recommendation mechanism,2016 IEEE 12th international conference on intelligent computer communication and processing (ICCP),,,111-116,2016,IEEE,C2-ISI Proceedings,INGINERIA CUNOSTINTELOR,,https://ieeexplore.ieee.org/abstract/document/7737131,
"Hasna, Octavian Lucian; Măcicăşan, Florin Cristian; Dînşoreanu, Mihaela; Potolea, Rodica; ",Modeling sentiment polarity with meta-features to achieve domain-independence,"Knowledge Discovery, Knowledge Engineering and Knowledge Management: 6th International Joint Conference, IC3K 2014, Rome, Italy, October 21-24, 2014, Revised Selected Papers 6",,,212-227,2015,Springer International Publishing,C3-BDI,INGINERIA CUNOSTINTELOR,,https://link.springer.com/chapter/10.1007/978-3-319-25840-9_14,
"Prisca, Stefan; Potolea, Rodica; Dinsoreanu, Mihaela; ",A language independent user adaptable approach for word auto-completion,2015 IEEE International Conference on Intelligent Computer Communication and Processing (ICCP),,,43-49,2015,IEEE,C2-ISI Proceedings,INGINERIA CUNOSTINTELOR,,https://ieeexplore.ieee.org/abstract/document/7312604,
"Balc, Diana; Beleiu, Anamaria; Potolea, Rodica; Lemnaru, Camelia; ",A learning-based approach for Romanian syllabification and stress assignment,2015 IEEE International Conference on Intelligent Computer Communication and Processing (ICCP),,,37-42,2015,IEEE,C2-ISI Proceedings,INGINERIA CUNOSTINTELOR,,https://ieeexplore.ieee.org/abstract/document/7312603,
"Prisca, Stefan; Dinsoreanu, Mihaela; Lemnaru, Camelia; ",Topic oriented auto-completion models: Approaches towards fastening auto-completion systems,"2015 7th International Joint Conference on Knowledge Discovery, Knowledge Engineering and Knowledge Management (IC3K)",1.0,,241-248,2015,IEEE,C2-ISI Proceedings,INGINERIA CUNOSTINTELOR,,https://ieeexplore.ieee.org/abstract/document/7526926,
"Ionescu, Victor; Potolea, Rodica; Dinsoreanu, Mihaela; ",Data driven structural similarity: A Distance measure for adaptive linear approximations of time series,"2015 7th International Joint Conference on Knowledge Discovery, Knowledge Engineering and Knowledge Management (IC3K)",1.0,,67-74,2015,IEEE,C2-ISI Proceedings,INGINERIA CUNOSTINTELOR,,https://ieeexplore.ieee.org/abstract/document/7526904,
"Bărbănțan, I.; Potolea, R",Towards Cross Language Morphologic Negation Identification in Electronic Health Records,"În T. Z.-G.-G. Ramón Agüero, Mobile Networks and Management, Chapter: Lecture Notes of the Institute for Computer Sciences, Social Informatics and Telecommunications Engineering",141.0,,417-430,2015,Springer International Publishing,B2-Capitol de carte,INGINERIA CUNOSTINTELOR,,https://link.springer.com/chapter/10.1007/978-3-319-16292-8_30,
"Muresan, Sebastian; Faloba, Ioana; Lemnaru, Camelia; Potolea, Rodica; ",Pre-processing flow for enhancing learning from medical data,2015 IEEE International Conference on Intelligent Computer Communication and Processing (ICCP),,,27-34,2015,IEEE,C2-ISI Proceedings,INGINERIA CUNOSTINTELOR,,https://ieeexplore.ieee.org/abstract/document/7312601,
"Szenasi, Gyorgy; Lemnaru, Camelia; Barbantan, Ioana; ",Concept extraction from medical documents a contextual approach,2015 IEEE International Conference on Intelligent Computer Communication and Processing (ICCP),,,13-17,2015,IEEE,C2-ISI Proceedings,INGINERIA CUNOSTINTELOR,,https://ieeexplore.ieee.org/abstract/document/7312599,
"Parau, Paul; Lemnaru, Camelia; Potolea, Rodica; ",Assessing vertex relevance based on community detection,"2015 7th International Joint Conference on Knowledge Discovery, Knowledge Engineering and Knowledge Management (IC3K)",1.0,,46-56,2015,IEEE,C2-ISI Proceedings,INGINERIA CUNOSTINTELOR,,https://ieeexplore.ieee.org/abstract/document/7526902,
"Porumb, Mihaela; Barbantan, Ioana; Lemnaru, Camelia; Potolea, Rodica; ",REMed: automatic relation extraction from medical documents,Proceedings of the 17th International Conference on Information Integration and Web-based Applications & Services,,,01-Oct,2015,,C3-BDI,INGINERIA CUNOSTINTELOR,,https://dl.acm.org/doi/abs/10.1145/2837185.2837239,
"Chira, Camelia; Lemnaru, Camelia; ",A multi-objective evolutionary approach to imbalanced classification problems,2015 IEEE International Conference on Intelligent Computer Communication and Processing (ICCP),,,149-154,2015,IEEE,C2-ISI Proceedings,INGINERIA CUNOSTINTELOR,,https://ieeexplore.ieee.org/abstract/document/7312620,
"Barbantan, Ioana; Lemnaru, Camelia; Potolea, Rodica; ",Disease Identification in Electronic Health Records - An Ontology based Approach,KDIR,,,261-268,2014,INSTICC,C3-BDI,INGINERIA CUNOSTINTELOR,,https://dl.acm.org/doi/abs/10.5220/0005082002610268,
"Dinsoreanu, Mihaela; Bacu, Andrei; ",Unsupervised Twitter sentiment classification,"Proceedings of the International Joint Conference on Knowledge Discovery, Knowledge Engineering and Knowledge Management-Volume 3",,,220-227,2014,,C3-BDI,INGINERIA CUNOSTINTELOR,,https://www.scitepress.org/Papers/2014/50790/50790.pdf,
"Russu, Roxana Monica; Dinsoreanu, Mihaela; Vlad, Oana Luminita; Potolea, Rodica; ",An opinion mining approach for Romanian language,2014 IEEE 10th International Conference on Intelligent Computer Communication and Processing (ICCP),,,43-46,2014,IEEE,C2-ISI Proceedings,INGINERIA CUNOSTINTELOR,,https://ieeexplore.ieee.org/abstract/document/6936976,
"Anisiei, Ancuta-Lenuta; Dinsoreanu, Mihaela; Lemnaru, Camelia; Potolea, Rodica; ",Extracting opinion holders and targets in Romanian texts,2014 IEEE 10th International Conference on Intelligent Computer Communication and Processing (ICCP),,,37-42,2014,IEEE,C2-ISI Proceedings,INGINERIA CUNOSTINTELOR,,https://ieeexplore.ieee.org/abstract/document/6936977,
"Hasna, Octavian Lucian; Macicasan, Florin Cristian; Dinsoreanu, Mihaela; Potolea, Rodica; ",Sentiment Polarity Extension for Context-Sensitive Recommender Systems.,KDIR,,,126-137,2014,,C3-BDI,INGINERIA CUNOSTINTELOR,,https://www.scitepress.org/Papers/2014/51411/51411.pdf,
"Rădulescu, Cristina; Dinsoreanu, Mihaela; Potolea, Rodica; ",Identification of spam comments using natural language processing techniques,2014 IEEE 10th International Conference on Intelligent Computer Communication and Processing (ICCP),,,29-35,2014,IEEE,C2-ISI Proceedings,INGINERIA CUNOSTINTELOR,,https://ieeexplore.ieee.org/abstract/document/6936976,
"Cosma, Alexandru Cristian; Itu, Vlad-Vasile; Suciu, Darius Andrei; Dinsoreanu, Mihaela; Potolea, Rodica; ",Overcoming the domain barrier in opinion extraction,2014 IEEE 10th International Conference on Intelligent Computer Communication and Processing (ICCP),,,289-296,2014,IEEE,C2-ISI Proceedings,INGINERIA CUNOSTINTELOR,,https://ieeexplore.ieee.org/abstract/document/6937011,
"Suciu, Darius Andrei; Itu, Vlad Vasile; Cosma, Alexandru Cristian; Dinsoreanu, Mihaela; Potolea, Rodica; ",Learning Good Opinions from Just Two Words Is Not Bad,"Proceedings of the International Joint Conference on Knowledge Discovery, Knowledge Engineering and Knowledge Management-Volume 1",,,233-241,2014,,C3-BDI,INGINERIA CUNOSTINTELOR,,https://www.scitepress.org/Papers/2014/50798/50798.pdf,
"Dinsoreanu, Mihaela; Potolea, Rodica; ",Opinion-driven communities’ detection,International Journal of Web Information Systems,10.0,4.0,324-342,2014,Emerald Group Publishing Limited,C1-Revista ISI,INGINERIA CUNOSTINTELOR,,https://www.emerald.com/insight/content/doi/10.1108/ijwis-04-2014-0016/full/html,
"Vancea, Bogdan; Marchis, Alexandru; Dinsoreanu, Mihaela; Potolea, Rodica; ",Contradiction detection between opinions: From a big data perspective,2013 IEEE 9th International Conference on Intelligent Computer Communication and Processing (ICCP),,,259-266,2013,IEEE,C2-ISI Proceedings,INGINERIA CUNOSTINTELOR,,https://ieeexplore.ieee.org/abstract/document/6646118,
"Chiorean, Raluca-Sonia; Dînşoreanu, Mihaela; Faloba, Daciana-Ioana; Potolea, Rodica; ",Sentiment polarity identification using machine learning techniques,2013 IEEE 9th International Conference on Intelligent Computer Communication and Processing (ICCP),,,47-50,2013,IEEE,C2-ISI Proceedings,INGINERIA CUNOSTINTELOR,,https://ieeexplore.ieee.org/abstract/document/6646079,
"Dinsoreanu, Mihaela; Potolea, Rodica; ",Towards a Unified Thematic Model for Recommending Context-Sensitive Content,"Knowledge Discovery, Knowledge Engineering and Knowledge Management: 4th International Joint Conference, IC3K 2012, Barcelona, Spain, October 4-7, 2012, Revised Selected Papers 4",,,68-83,2013,Springer Berlin Heidelberg,C3-BDI,INGINERIA CUNOSTINTELOR,,https://link.springer.com/chapter/10.1007/978-3-642-54105-6_5,
"Dînşoreanu, Mihaela; Potolea, Rodica; ",A scalable approach for contradiction detection driven by opinion mining,Proceedings of International Conference on Information Integration and Web-based Applications & Services,,,Jul.15,2013,,C3-BDI,INGINERIA CUNOSTINTELOR,,https://dl.acm.org/doi/abs/10.1145/2539150.2539168,
"Lemnaru, Camelia; Bona, Adrian; Potolea, Rodica; ",Distributed Methodologies for Imbalanced Classification Problems: Parameter Analysis and Tuning,2013 IEEE 12th International Symposium on Parallel and Distributed Computing,,,53-58,2013,IEEE,C3-BDI,INGINERIA CUNOSTINTELOR,,https://ieeexplore.ieee.org/abstract/document/6663564,
"Ionescu, Victor; Dinsoreanu, Mihaela; ",An approach to mining financial markets through market state classification,2013 IEEE 9th International Conference on Intelligent Computer Communication and Processing (ICCP),,,43-46,2013,IEEE,C2-ISI Proceedings,INGINERIA CUNOSTINTELOR,,https://ieeexplore.ieee.org/abstract/document/6646078,
"Parau, Paul; Stef, Alexandru; Lemnaru, Camelia; Dinsoreanu, Mihaela; Potolea, Rodica; ",Using community detection for sentiment analysis,2013 IEEE 9th International Conference on Intelligent Computer Communication and Processing (ICCP),,,51-54,2013,IEEE,C3-BDI,INGINERIA CUNOSTINTELOR,,https://ieeexplore.ieee.org/abstract/document/6646080,
Lemnaru Camelia; Sergiu Nedevschi,Strategies for Dealing with Real-World Classification Problems,,,,,2012,,A-Teza doctorat,INTELIGENŢĂ ARTIFICIALĂ,,https://users.utcluj.ro/~cameliav/documents/TezaFinalLemnaru.pdf,
"Dinsoreanu, Mihaela; Pusztai, Kalman;",Contribuții la modelarea sistemelor distribuite cu agenți cooperanți,Universitatea Tehnica Cluj-Napoca,,,,2004,,A-Teza doctorat,INTELIGENŢĂ ARTIFICIALĂ,,,
Rodica Potolea; Kalman Pusztai,Contributions to Multiparadigm Logic Programming Systems,Universitatea Tehnica din Cluj-Napoca,,,,1998,,A-Teza doctorat,,,,
